doc_id,surface,start_pos,end_pos,type,identifier,score
document_110032.html,Azione Cattolica,62,78,ORG,Q3318304,147.3135986328125
document_110032.html,Associazione,131,143,ORG,Q1252319,128.68124389648438
document_110032.html,San Tommaso,188,199,PER,Q9438,120.47686767578125
document_110032.html,Chiesa,602,608,ORG,Q159583,119.42353057861328
document_110032.html,S. Tommaso,752,762,PER,Q9438,134.0487518310547
document_110034.html,Firenze,49,56,LOC,Q2044,107.46699523925781
document_110034.html,Azione Cattolica,173,189,ORG,Q3318304,136.00592041015625
document_110047.html,Associazioni,179,191,ORG,Q207320,131.87594604492188
document_110065.html,Italia,70,76,LOC,Q38,103.90167999267578
document_110065.html,Azione Cattolica,114,130,ORG,Q3318304,129.82785034179688
document_110065.html,Sede Apostolica,222,237,ORG,Q159583,110.46701049804688
document_110065.html,Padre Santo,248,259,PER,Q43734,137.02731323242188
document_110065.html,Cristo,515,521,PER,Q302,109.54135131835938
document_110065.html,Chiesa,582,588,ORG,Q159583,116.07557678222656
document_110065.html,Azione Cattolica,628,644,ORG,Q3318304,134.296630859375
document_110065.html,Beatissimo Padre,687,703,PER,Q4448,153.50184631347656
document_110065.html,Azione Cattolica,725,741,ORG,Q3318304,137.01634216308594
document_110065.html,Università Italiane,985,1004,ORG,Q46210,129.19281005859375
document_110082.html,Italia,83,89,LOC,Q38,103.68852996826172
document_110088.html,partito popolare,329,345,ORG,Q2717398,120.23635864257812
document_110088.html,Pio XII,1583,1590,PER,Q2604,142.3765106201172
document_110090.html,Betlemme,919,927,LOC,Q5776,112.42715454101562
document_110092.html,Sforza,50,56,PER,Q463243,128.9053955078125
document_110092.html,Sforza,170,176,PER,Q463243,132.31883239746094
document_110092.html,Montevideo,296,306,LOC,Q1335,113.36863708496094
document_110106.html,Luigi Lavitrano,30,45,PER,Q1493618,207.24264526367188
document_110106.html,Palermo,65,72,LOC,Q1365235,119.1881332397461
document_110106.html,A.C.I.,143,149,ORG,Q3091708,177.48043823242188
document_110106.html,Associazioni Universitarie Cattoliche,292,329,ORG,Q3091708,153.77597045898438
document_110106.html,Italia,335,341,LOC,Q38,104.39544677734375
document_110106.html,Fuci,388,392,ORG,Q3091708,143.008056640625
document_110114.html,Italia,114,120,LOC,Q38,102.82743835449219
document_110139.html,Tunisia,172,179,LOC,Q948,107.37899780273438
document_110139.html,Italia,302,308,LOC,Q38,103.00035095214844
document_110143.html,Italia,27,33,LOC,Q38,103.21563720703125
document_110144.html,Padre,38,43,PER,Q4448,124.16259765625
document_110155.html,Italia,65,71,LOC,Q38,103.73236083984375
document_110155.html,Italia,624,630,LOC,Q38,103.77811431884766
document_110167.html,Germania,64,72,LOC,Q183,104.26698303222656
document_110177.html,Azione Cattolica,48,64,ORG,Q3318304,136.71131896972656
document_110177.html,Roma,77,81,LOC,Q220,108.75631713867188
document_110177.html,Italia,404,410,LOC,Q38,103.67405700683594
document_110177.html,Azione Cattolica,1535,1551,ORG,Q3318304,129.29086303710938
document_110177.html,Paese,1608,1613,LOC,Q38,115.25300598144531
document_110199.html,Italia,232,238,LOC,Q38,104.01558685302734
document_110199.html,Roma,436,440,LOC,Q220,112.60722351074219
document_110199.html,FUCI,509,513,ORG,Q3091708,145.31683349609375
document_110205.html,Parri,158,163,PER,Q471315,118.75517272949219
document_110220.html,Laureati Cattolici,130,148,ORG,Q950900,147.66403198242188
document_110220.html,Laureati,523,531,ORG,Q1054679,133.36878967285156
document_110220.html,Roma,566,570,LOC,Q220,112.68968200683594
document_110220.html,Laureati Cattolici,631,649,ORG,Q3991922,166.53009033203125
document_110220.html,Patria,875,881,LOC,Q642555,117.43387603759766
document_110220.html,Italia,984,990,LOC,Q38,103.61894989013672
document_121003.html,Stato,696,701,ORG,Q7275,107.8529281616211
document_121012.html,Moro,13,17,PER,Q171834,122.29447937011719
document_121012.html,Lombardi,45,53,PER,Q3763095,142.09365844726562
document_121020.html,Moro,13,17,PER,Q171834,133.65650939941406
document_121020.html,Commissione,123,134,ORG,Q21403297,124.64059448242188
document_121020.html,Presidente,233,243,PER,Q8007,115.76962280273438
document_121021.html,Moro,13,17,PER,Q171834,125.22151947021484
document_121021.html,La Pira,334,341,PER,Q543393,162.31199645996094
document_121021.html,Basso,363,368,PER,Q3619753,141.11297607421875
document_121024.html,Moro,13,17,PER,Q171834,123.7788314819336
document_121024.html,Basso,158,163,PER,Q3619753,139.8758087158203
document_121024.html,Marchesi,169,177,PER,Q3778140,141.44717407226562
document_121024.html,La Pira,382,389,PER,Q543393,157.58192443847656
document_121029.html,Moro,13,17,PER,Q171834,122.21595001220703
document_121029.html,Dossetti,144,152,PER,Q370039,139.22674560546875
document_121034.html,Moro,13,17,PER,Q171834,121.90717315673828
document_121034.html,Basso,71,76,PER,Q3619753,137.83660888671875
document_121043.html,Moro,13,17,PER,Q42544,126.4708251953125
document_121043.html,Marchesi,84,92,PER,Q3778140,130.03134155273438
document_121087.html,Moro,13,17,PER,Q171834,124.00421905517578
document_121087.html,Cevolotto,145,154,PER,Q3848440,146.64894104003906
document_121087.html,Togliatti,206,215,PER,Q310158,119.62258911132812
document_121088.html,Moro,13,17,PER,Q171834,123.12303161621094
document_121088.html,Cevolotto,198,207,PER,Q3848440,151.39614868164062
document_121088.html,Terracini,983,992,PER,Q4003497,161.5612335205078
document_121093.html,Moro,13,17,PER,Q42544,125.59229278564453
document_121093.html,Sottocommissione,293,309,ORG,Q3365552,144.37542724609375
document_121093.html,Consulta araldica,660,677,ORG,Q1822839,166.83993530273438
document_121097.html,Stato,68,73,ORG,Q7275,113.70576477050781
document_121097.html,Chiesa,76,82,ORG,Q170174,124.80455017089844
document_121097.html,Moro,111,115,PER,Q171834,121.13701629638672
document_121104.html,Italia,188,194,LOC,Q38,102.45651245117188
document_121109.html,Assemblea costituente,35,56,ORG,Q1053185,133.988037109375
document_121134.html,Democrazia cristiana,489,509,ORG,Q815348,126.23979187011719
document_121134.html,Italia,818,824,LOC,Q38,104.3048095703125
document_121142.html,Ferdinando Vegas,67,83,PER,Q21587924,188.41444396972656
document_121149.html,Italia,141,147,LOC,Q38,102.84768676757812
document_121149.html,Italia,462,468,LOC,Q38,101.45880126953125
document_121170.html,Commissione,58,69,ORG,Q110448075,130.4793701171875
document_121170.html,Targetti,189,197,PER,Q3557346,165.19235229492188
document_121186.html,Assemblea costituente,100,121,ORG,Q1053185,138.29299926757812
document_121186.html,Corte costituzionale,174,194,ORG,Q1349315,134.0099639892578
document_121186.html,Condorelli,353,363,PER,Q47583,148.0595703125
document_121186.html,Regione,613,620,LOC,Q3722618,127.58155822753906
document_121196.html,DC,3,5,ORG,Q815348,113.70321655273438
document_121217.html,Luciano Magrini,198,213,PER,Q568804,238.6840057373047
document_121217.html,Il Mondo,256,264,ORG,Q3792807,160.98606872558594
document_121238.html,Italia,89,95,LOC,Q38,101.57659912109375
document_121238.html,Maria Montessori,167,183,PER,Q131117,133.71080017089844
document_121238.html,Italia,279,285,LOC,Q38,103.87619018554688
document_121238.html,Paese,356,361,LOC,Q38,112.46788787841797
document_121239.html,Italia,431,437,LOC,Q38,103.45052337646484
document_121245.html,Italia,37,43,LOC,Q38,104.64695739746094
document_121245.html,Università,207,217,ORG,Q3918,109.89704132080078
document_122004.html,Commissione,149,160,ORG,Q21403297,125.08661651611328
document_122004.html,Ministro,335,343,PER,Q3773787,121.59263610839844
document_122004.html,Senato,469,475,ORG,Q633872,110.92416381835938
document_122004.html,Camera,493,499,ORG,Q841424,115.05674743652344
document_122004.html,Ministero,504,513,ORG,Q1855201,118.63529205322266
document_122004.html,Ministro,828,836,PER,Q83307,118.81105041503906
document_122004.html,Ministro,1422,1430,PER,Q3858500,122.25236511230469
document_122004.html,Marchesi,1454,1462,PER,Q431992,132.47898864746094
document_122004.html,Ministero,1510,1519,ORG,Q1855201,118.15992736816406
document_122004.html,Ministro,1606,1614,PER,Q3858500,121.00651550292969
document_122012.html,Polesine,152,160,LOC,Q1242205,138.57569885253906
document_122012.html,Nenni,298,303,PER,Q539486,185.3501434326172
document_122018.html,Maria Montessori,78,94,PER,Q131117,145.29356384277344
document_122018.html,Parlamento,207,217,ORG,Q35749,115.6003189086914
document_122018.html,Maria Montessori,279,295,PER,Q131117,147.71595764160156
document_122018.html,Aula,325,329,ORG,Q35749,128.991455078125
document_122033.html,governo,36,43,ORG,Q3773815,115.64120483398438
document_122033.html,governo,162,169,ORG,Q3773787,115.14136505126953
document_122033.html,Covelli,246,253,PER,Q3611381,139.69198608398438
document_122034.html,Camera dei Deputati,63,82,ORG,Q841424,125.38664245605469
document_122034.html,Camera,300,306,ORG,Q841424,120.677490234375
document_122034.html,Corte Costituzionale,349,369,ORG,Q593273,139.10098266601562
document_122034.html,Assemblea,407,416,ORG,Q47423,132.3897705078125
document_122034.html,Camera,461,467,ORG,Q841424,118.966552734375
document_122034.html,Giunta,515,521,ORG,Q239463,124.3844985961914
document_122034.html,Giunta,585,591,ORG,Q3111865,134.88827514648438
document_122034.html,Camera,709,715,ORG,Q841424,118.62689971923828
document_122034.html,Parlamento,955,965,ORG,Q35749,121.34310913085938
document_122034.html,Giunta,1043,1049,ORG,Q239463,133.98611450195312
document_122034.html,Camera,1055,1061,ORG,Q841424,120.06680297851562
document_122034.html,Parlamento,1181,1191,ORG,Q35749,123.86833190917969
document_122044.html,Presidente,7,17,PER,Q7477985,123.79000091552734
document_122044.html,Giuseppe Bettiol,111,127,PER,Q3770116,201.8084716796875
document_122067.html,Mattei,68,74,PER,Q13407130,144.355712890625
document_131006.html,Sicilia,26,33,LOC,Q1460,107.9434814453125
document_131006.html,Palermo,48,55,LOC,Q2656,106.2745361328125
document_131034.html,Moro,6,10,PER,Q171834,126.11737823486328
document_131034.html,Movimento femminile,208,227,ORG,Q85882229,159.86184692382812
document_131034.html,Partito,394,401,ORG,Q2704736,123.31832885742188
document_131034.html,D.C.,447,451,ORG,Q815348,149.23489379882812
document_131034.html,D.C.,663,667,ORG,Q815348,149.71893310546875
document_131058.html,Democrazia Cristiana,20,40,ORG,Q815348,149.36753845214844
document_131058.html,Moro,45,49,PER,Q171834,125.69856262207031
document_131058.html,Sala Bossi,89,99,LOC,Q47832,203.3892822265625
document_131058.html,Partito comunista,264,281,ORG,Q461886,132.8091278076172
document_131067.html,Consiglio Nazionale,20,39,ORG,Q3687286,147.97039794921875
document_131067.html,DC,649,651,ORG,Q815348,116.19918823242188
document_131067.html,DC,1192,1194,ORG,Q815348,111.82696533203125
document_131067.html,DC,1326,1328,ORG,Q815348,113.95465850830078
document_131072.html,Presidente del Consiglio,49,73,PER,Q11696,127.63365173339844
document_131072.html,Morlino,434,441,PER,Q1170132,138.4300537109375
document_131084.html,D.C.,19,23,ORG,Q815348,152.04307556152344
document_131084.html,D.C.,235,239,ORG,Q815348,166.42994689941406
document_131084.html,Paese,392,397,LOC,Q38,111.11000061035156
document_131084.html,Italia,513,519,LOC,Q38,103.13687133789062
document_131087.html,Napoli,53,59,LOC,Q2634,110.60216522216797
document_131087.html,D.C.,106,110,ORG,Q815348,153.73486328125
document_131087.html,D.C.,452,456,ORG,Q815348,148.7528076171875
document_131087.html,Napoli,486,492,LOC,Q2634,113.41510009765625
document_131092.html,Moro,6,10,PER,Q171834,126.02738189697266
document_131092.html,Partito,79,86,ORG,Q461886,124.2373046875
document_131092.html,Napoli,198,204,LOC,Q2634,108.2679443359375
document_131092.html,Moro,315,319,PER,Q171834,130.63113403320312
document_131092.html,Partito,628,635,ORG,Q47720,121.98551940917969
document_131092.html,Napoli,723,729,LOC,Q2634,111.75209045410156
document_131092.html,Partito,1004,1011,ORG,Q2704736,126.08551025390625
document_131092.html,D.C.,1043,1047,ORG,Q815348,150.25828552246094
document_131092.html,D.C.,1204,1208,ORG,Q815348,154.63046264648438
document_131106.html,Roma,133,137,LOC,Q220,114.83699035644531
document_131106.html,Napoli,139,145,LOC,Q2634,114.09837341308594
document_131106.html,Bari,147,151,LOC,Q3519,119.12326049804688
document_131106.html,Pisa,153,157,LOC,Q13375,115.5341796875
document_131106.html,Foggia,159,165,LOC,Q13464,114.54202270507812
document_131106.html,Paese,582,587,LOC,Q38,116.19647216796875
document_131111.html,Berloffa,176,184,PER,Q661117,156.44357299804688
document_131111.html,Roma,754,758,LOC,Q220,109.29735565185547
document_131111.html,Partito,1793,1800,ORG,Q2717398,127.62081909179688
document_131117.html,Segretario,33,43,PER,Q155971,130.6493377685547
document_131117.html,Società italiana,464,480,ORG,Q8425,141.00833129882812
document_131119.html,Padova,2,8,LOC,Q617,117.91780853271484
document_131119.html,Aldo Moro,89,98,PER,Q171834,170.453857421875
document_131119.html,Perugia,175,182,LOC,Q3437,114.52609252929688
document_131119.html,Moro,270,274,PER,Q171834,127.86632537841797
document_131120.html,DC,29,31,ORG,Q815348,116.52793884277344
document_131120.html,Moro,36,40,PER,Q171834,127.69668579101562
document_131120.html,Bergamo,58,65,LOC,Q628,118.30184173583984
document_131120.html,Teatro Nuovo,118,130,LOC,Q3981988,156.0963134765625
document_131120.html,DC,191,193,ORG,Q815348,113.22895050048828
document_131120.html,Moro,400,404,PER,Q171834,126.3700180053711
document_131120.html,DC,467,469,ORG,Q815348,113.7154541015625
document_131120.html,DC,636,638,ORG,Q815348,114.24281311035156
document_131120.html,Paese,816,821,LOC,Q38,121.61660766601562
document_131120.html,DC,874,876,ORG,Q815348,114.72211456298828
document_131126.html,DC,534,536,ORG,Q815348,114.68413543701172
document_131126.html,Partito,980,987,ORG,Q47720,125.044677734375
document_131126.html,Consiglio Nazionale,1244,1263,ORG,Q1154256,138.94198608398438
document_131126.html,Napoli,1626,1632,LOC,Q2634,108.72341918945312
document_131128.html,Democrazia Cristiana,19,39,ORG,Q815348,149.2620849609375
document_131128.html,Nazioni Unite,486,499,ORG,Q1065,118.57099914550781
document_131128.html,Alleanza Atlantica,925,943,ORG,Q7184,144.3898468017578
document_131130.html,Presidente,25,35,PER,Q11696,124.31071472167969
document_131130.html,Governo,176,183,ORG,Q3773955,110.95555114746094
document_131130.html,Governo,220,227,ORG,Q3773955,111.64698791503906
document_131130.html,Togliatti,315,324,PER,Q310158,119.27651977539062
document_131130.html,Governo,428,435,ORG,Q3773955,115.14041137695312
document_131130.html,partito comunista,538,555,ORG,Q461886,119.87705993652344
document_132006.html,Sommo Pontefice,25,40,PER,Q101437,117.33419799804688
document_132006.html,Terrasanta,44,54,LOC,Q48175,117.93544006347656
document_132006.html,Chiesa,331,337,ORG,Q159583,112.0496826171875
document_132006.html,Chiesa,476,482,ORG,Q159583,112.91627502441406
document_132011.html,Italia,25,31,LOC,Q38,105.32080078125
document_132011.html,Paese,127,132,LOC,Q38,112.86370849609375
document_132011.html,Governo,221,228,ORG,Q715959,109.51060485839844
document_132011.html,Governo,471,478,ORG,Q715959,109.53123474121094
document_132011.html,Italia,684,690,LOC,Q38,103.94490814208984
document_132011.html,Governo,752,759,ORG,Q715959,110.51529693603516
document_132011.html,Italia,1088,1094,LOC,Q38,105.02213287353516
document_132028.html,Rai,39,42,ORG,Q19616,116.93211364746094
document_132028.html,Governo,135,142,ORG,Q715959,111.66111755371094
document_132047.html,Malta,164,169,LOC,Q233,106.5247573852539
document_132065.html,Presidente del Consiglio,62,86,PER,Q11696,130.24351501464844
document_132065.html,IRI,167,170,ORG,Q1674879,155.99960327148438
document_132065.html,Alitalia,177,185,ORG,Q153975,111.69005584716797
document_132065.html,Presidente,300,310,PER,Q11696,116.53923797607422
document_132065.html,Carandini,311,320,PER,Q1987236,159.96505737304688
document_132073.html,Aldo Moro,32,41,PER,Q171834,164.15379333496094
document_132073.html,Bari,67,71,LOC,Q3519,108.33861541748047
document_132086.html,Roma,14,18,LOC,Q220,109.40335845947266
document_132086.html,Italia,83,89,LOC,Q38,104.60444641113281
document_132086.html,Nato,137,141,ORG,Q7184,130.29879760742188
document_132086.html,Governo italiano,151,167,ORG,Q3773815,120.4832763671875
document_132108.html,Presidente,155,165,PER,Q11696,114.90663146972656
document_132108.html,Togni,175,180,PER,Q22991664,123.64445495605469
document_132109.html,Pacifico,116,124,LOC,Q184425,113.66526794433594
document_132109.html,Italia,193,199,LOC,Q38,100.23867797851562
document_132109.html,Giappone,292,300,LOC,Q17,101.45024108886719
document_132115.html,Badaloni,39,47,PER,Q28030773,132.4974365234375
document_132115.html,Aldo Moro,131,140,PER,Q171834,153.26840209960938
document_132115.html,AIMC,237,241,ORG,Q3626589,204.7513427734375
document_132117.html,Aldo Moro,32,41,PER,Q171834,169.7995147705078
document_132117.html,Firenze,57,64,LOC,Q2044,107.21858215332031
document_132117.html,Sindaco,169,176,PER,Q30185,113.89022064208984
document_132117.html,Firenze,180,187,LOC,Q2044,104.81002807617188
document_132124.html,Jugoslavia,39,49,LOC,Q36704,108.66119384765625
document_132124.html,Stambolic,114,123,PER,Q456898,149.1552734375
document_132165.html,Bari,54,58,LOC,Q3519,119.88090515136719
document_132165.html,Bari,216,220,LOC,Q3519,110.43399047851562
document_132165.html,Bari,317,321,LOC,Q3519,112.70010375976562
document_132165.html,Governo,406,413,ORG,Q7188,110.29998779296875
document_132165.html,Paese,523,528,LOC,Q38,115.23635864257812
document_132165.html,Italia,814,820,LOC,Q38,102.79391479492188
document_132165.html,Mezzogiorno,1147,1158,LOC,Q207989,118.97334289550781
document_132165.html,Italia,1161,1167,LOC,Q38,104.16792297363281
document_132165.html,Governo,1272,1279,ORG,Q715959,109.763671875
document_132171.html,Città,158,163,LOC,Q515,112.42213439941406
document_132171.html,Berlino,218,225,LOC,Q64,104.19625854492188
document_132172.html,Ice,122,125,ORG,Q7804,147.7427978515625
document_132172.html,Aldo Moro,159,168,PER,Q171834,175.33348083496094
document_132172.html,Istituto,228,236,ORG,Q1938208,131.85728454589844
document_132172.html,Tolloy,442,448,PER,Q7327734,158.85928344726562
document_132172.html,Ice,471,474,ORG,Q789842,145.1742706298828
document_132172.html,Donati,481,487,PER,Q3680024,143.84487915039062
document_132172.html,Moro,495,499,PER,Q171834,131.5731201171875
document_132172.html,Governo,554,561,ORG,Q715959,113.06929016113281
document_132172.html,Governo,779,786,ORG,Q715959,112.36875915527344
document_132173.html,Cesare Battisti,64,79,PER,Q78782,139.0607147216797
document_132173.html,Trento,99,105,LOC,Q3376,104.35302734375
document_132173.html,Battisti,357,365,PER,Q78782,116.25605010986328
document_132173.html,Eroi,385,389,ORG,Q2966983,134.2337188720703
document_132173.html,Battisti,407,415,PER,Q78782,112.89698791503906
document_132179.html,Parlamento italiano,444,463,ORG,Q1117578,131.4161376953125
document_132179.html,Governo,611,618,ORG,Q715959,110.79486083984375
document_132179.html,Governo,748,755,ORG,Q715959,111.76661682128906
document_132179.html,Parlamento,769,779,ORG,Q35749,118.11540222167969
document_132179.html,Almirante,819,828,PER,Q273228,145.0813446044922
document_132179.html,Governo,875,882,ORG,Q715959,114.41716003417969
document_132179.html,Camera,971,977,ORG,Q841424,119.48106384277344
document_132179.html,Alto Adige,983,993,LOC,Q15124,122.68666076660156
document_132179.html,Camera,1080,1086,ORG,Q841424,119.12089538574219
document_132183.html,Aldo Moro,32,41,PER,Q171834,153.25860595703125
document_132183.html,Amministrazione,280,295,ORG,Q31728,119.37676239013672
document_132183.html,Salerno,299,306,LOC,Q1083,106.2533187866211
document_132183.html,Menna,342,347,PER,Q26222227,150.46829223632812
document_132194.html,Gorizia,36,43,LOC,Q6596,112.31230163574219
document_132194.html,Paese,263,268,LOC,Q7275,121.43815612792969
document_132194.html,Oslavia,1054,1061,LOC,Q979837,127.00086975097656
document_132194.html,Sabotino,1111,1119,LOC,Q3861947,125.75703430175781
document_132194.html,Pogdora,1125,1132,LOC,Q3825853,149.446044921875
document_132194.html,Gorizia,1198,1205,LOC,Q6596,113.9113998413086
document_132194.html,Oslavia,1567,1574,LOC,Q979837,131.73648071289062
document_132194.html,Sabotino,1791,1799,LOC,Q3861947,129.87657165527344
document_132194.html,Gorizia,1802,1809,LOC,Q6596,126.23990631103516
document_132198.html,Firenze,2,9,LOC,Q2044,107.91105651855469
document_132198.html,Aldo Moro,44,53,PER,Q171834,172.22637939453125
document_132198.html,Bargellini,77,87,PER,Q16571202,158.44161987304688
document_132198.html,Governo,178,185,ORG,Q3773910,115.13569641113281
document_132198.html,Firenze,216,223,LOC,Q2044,104.66085815429688
document_132223.html,Governo italiano,95,111,ORG,Q715959,117.00381469726562
document_132223.html,Italia,206,212,LOC,Q38,103.59767150878906
document_132230.html,Paese,398,403,LOC,Q38,121.12688446044922
document_132230.html,Segretario politico,773,792,PER,Q17427,159.18084716796875
document_132230.html,Partito,868,875,ORG,Q47720,123.32077026367188
document_132232.html,Codogno,19,26,LOC,Q42298,151.699951171875
document_132256.html,Alberobello,3,14,LOC,Q51812,130.35714721679688
document_132256.html,Italiana Maestri Cattolici,70,96,ORG,Q3626589,220.2599639892578
document_132256.html,Aldo Moro,162,171,PER,Q171834,173.48973083496094
document_132256.html,Maria Badaloni,236,250,PER,Q28030773,148.52711486816406
document_132256.html,Moro,517,521,PER,Q171834,119.00816345214844
document_132256.html,Paese,1103,1108,LOC,Q7275,115.98544311523438
document_132257.html,Cuneo,2,7,LOC,Q5968,112.8741455078125
document_132257.html,Aldo Moro,41,50,PER,Q171834,152.00042724609375
document_132257.html,Giovanni Giraudo,171,187,PER,Q3767386,168.35333251953125
document_132257.html,Provincia,251,260,LOC,Q15091,118.89676666259766
document_132257.html,Moro,289,293,PER,Q171834,118.81151580810547
document_132257.html,Cuneo,346,351,LOC,Q5968,110.67216491699219
document_132264.html,Dc,45,47,ORG,Q815348,116.77303314208984
document_132264.html,Italia,368,374,LOC,Q38,103.12992858886719
document_132264.html,Partito,716,723,ORG,Q3080480,124.70097351074219
document_132264.html,Democrazia Cristiana,1070,1090,ORG,Q815348,127.70698547363281
document_132272.html,Partito,49,56,ORG,Q815348,127.50700378417969
document_132272.html,Democrazia Cristiana,235,255,ORG,Q815348,130.0931854248047
document_132274.html,Tremelloni,77,87,PER,Q3939205,136.94448852539062
document_132274.html,Ministero della Difesa,125,147,ORG,Q1855201,122.67459106445312
document_132274.html,Istituto di guerra marittima,227,255,ORG,Q497499,169.65341186523438
document_132289.html,Comitato,36,44,ORG,Q547858,132.87982177734375
document_132289.html,Governo,203,210,ORG,Q3773955,110.53141784667969
document_132289.html,Massimo Pilotti,387,402,PER,Q3851409,164.39114379882812
document_132289.html,Gaetano Azzariti,410,426,PER,Q3756893,185.15145874023438
document_132289.html,Andrea Torrente,435,450,PER,Q3616074,155.39248657226562
document_132296.html,Regione valdostana,166,184,LOC,Q1222,164.40086364746094
document_132296.html,Union Valdotaine,322,338,ORG,Q370936,223.7144317626953
document_132296.html,Val d'Aosta,635,646,LOC,Q1222,171.1531524658203
document_132296.html,Regione,1114,1121,LOC,Q1222,125.08720397949219
document_141002.html,Stefano Brun,103,115,PER,Q3972691,194.18780517578125
document_141002.html,Unione italiana delle Camere di Commercio,218,259,ORG,Q21236933,175.9944305419922
document_141002.html,Stagni,319,325,PER,Q16657901,145.85861206054688
document_141002.html,Stefano Brun,405,417,PER,Q3972691,194.1558074951172
document_141009.html,PCI,101,104,ORG,Q461886,116.20184326171875
document_141016.html,Democrazia Cristiana,648,668,ORG,Q815348,124.64048767089844
document_141027.html,Caltanissetta,2,15,LOC,Q13680,125.84623718261719
document_141027.html,Aldo Moro,23,32,PER,Q171834,143.36672973632812
document_141027.html,Democrazia Cristiana,62,82,ORG,Q815348,126.75132751464844
document_141027.html,Mezzogiorno,123,134,LOC,Q207989,122.004638671875
document_141027.html,Italia,137,143,LOC,Q38,103.72857666015625
document_141031.html,Taviani,19,26,PER,Q1379277,165.934814453125
document_141031.html,Gaspari,82,89,PER,Q3932481,135.1237335205078
document_141036.html,Aldo Moro,6,15,PER,Q171834,158.69329833984375
document_141036.html,Sassari,28,35,LOC,Q13629,109.25936889648438
document_141036.html,Sardegna,77,85,LOC,Q1462,107.97325897216797
document_141036.html,Mezzogiorno,247,258,LOC,Q207989,117.10440063476562
document_141036.html,Italia,261,267,LOC,Q38,102.75859832763672
document_141036.html,Paese,1050,1055,LOC,Q7275,117.20054626464844
document_141046.html,Comunità,45,53,ORG,Q52847,116.14701843261719
document_141046.html,Jugoslavia,62,72,LOC,Q36704,110.78323364257812
document_141046.html,Paese,184,189,LOC,Q36704,113.36955261230469
document_141046.html,Governo,234,241,ORG,Q7188,118.11666870117188
document_141061.html,Aja,121,124,ORG,Q36600,129.15647888183594
document_141061.html,Bruxelles,181,190,LOC,Q9005,118.00146484375
document_141061.html,Lussemburgo,200,211,LOC,Q32,124.25657653808594
document_141061.html,Maurice Schumann,252,268,PER,Q282882,205.0369110107422
document_141061.html,Moro-Schumann,356,369,PER,Q15981,177.0590362548828
document_141061.html,Schumann,498,506,PER,Q15981,132.4050750732422
document_141094.html,Aja,199,202,ORG,Q36600,128.84146118164062
document_141094.html,Europa,234,240,LOC,Q46,103.59406280517578
document_141095.html,République Arabe Unie,13,34,LOC,Q170468,181.54446411132812
document_141095.html,Cairo,87,92,LOC,Q85,119.75045013427734
document_141095.html,Ministre,267,275,PER,Q609294,149.16357421875
document_141097.html,Bruxelles,54,63,LOC,Q9005,119.68193817138672
document_141097.html,Conseil Atlantique,155,173,ORG,Q1987845,228.9776153564453
document_141099.html,Aldo Moro,30,39,PER,Q171834,143.70809936523438
document_141099.html,Brescia,52,59,LOC,Q6221,108.80077362060547
document_141104.html,Commissione,79,90,ORG,Q8880,121.18777465820312
document_141104.html,Comitato dei Rappresentanti Permanenti,293,331,ORG,Q780116,155.33807373046875
document_141104.html,Comunità,470,478,ORG,Q52847,112.92228698730469
document_141114.html,Camera,53,59,ORG,Q841424,119.28600311279297
document_141114.html,Governo,82,89,ORG,Q715959,115.06526184082031
document_141114.html,Libia,163,168,LOC,Q1016,107.21037292480469
document_141155.html,Moro,0,4,PER,Q171834,124.3560791015625
document_141155.html,Israele,46,53,LOC,Q801,111.43574523925781
document_141155.html,Knesset,180,187,ORG,Q133396,128.70794677734375
document_141155.html,Gerusalemme,206,217,LOC,Q1218,103.23260498046875
document_141155.html,Gerusalemme,498,509,LOC,Q1218,104.42758178710938
document_141168.html,Ghana,226,231,LOC,Q117,99.84861755371094
document_141172.html,Governo italiano,49,65,ORG,Q3773955,128.55319213867188
document_141172.html,Governo indonesiano,206,225,ORG,Q252,129.20938110351562
document_141172.html,Djakarta,250,258,LOC,Q4803,143.76499938964844
document_141180.html,Governo italiano,69,85,ORG,Q715959,116.49695587158203
document_141180.html,Roma,150,154,LOC,Q220,106.68135070800781
document_141193.html,Bouteflika,103,113,PER,Q57308,177.036376953125
document_141193.html,Algérie,173,180,LOC,Q262,122.93470764160156
document_141203.html,Italia,56,62,LOC,Q38,103.7626724243164
document_141203.html,Moro,165,169,PER,Q171834,132.9127197265625
document_141203.html,Villa Madama,223,235,LOC,Q1267485,133.67288208007812
document_141206.html,Comunità,3,11,ORG,Q52847,112.5837173461914
document_141206.html,Comunità Economica Europea,103,129,ORG,Q52847,154.62525939941406
document_141206.html,Turchia,138,145,LOC,Q43,107.99614715576172
document_141213.html,Nixon,146,151,PER,Q9588,107.3173828125
document_141225.html,Parlamento Europeo,15,33,ORG,Q8889,113.43304443359375
document_141225.html,Consiglio,52,61,ORG,Q8908,119.69188690185547
document_141225.html,Comunità,178,186,ORG,Q52847,110.64862060546875
document_141226.html,Moro,38,42,PER,Q171834,123.0781021118164
document_141226.html,Mosca,162,167,LOC,Q2314717,124.13807678222656
document_141226.html,Varsavia,176,184,LOC,Q658048,128.59190368652344
document_141226.html,Berlino,219,226,LOC,Q64,111.48139953613281
document_141226.html,Europa,275,281,LOC,Q46,106.96688842773438
document_141226.html,Berlino,373,380,LOC,Q64,109.78282165527344
document_141239.html,Moro,105,109,PER,Q171834,129.66929626464844
document_141239.html,Comunità economica europea,158,184,ORG,Q52847,133.3197479248047
document_141239.html,Turchia,269,276,LOC,Q43,103.67078399658203
document_141245.html,Moro,25,29,PER,Q47583,140.33291625976562
document_141245.html,Repubblica araba egiziana,87,112,LOC,Q79,156.96078491210938
document_141245.html,Farnesina,178,187,ORG,Q789842,141.14773559570312
document_141245.html,Italia,215,221,LOC,Q38,110.65034484863281
document_141245.html,RAE,224,227,ORG,Q3488440,163.21795654296875
document_141245.html,Ripamonti,513,522,PER,Q3651570,137.14918518066406
document_141245.html,Pedini,558,564,PER,Q3848931,147.09603881835938
document_141245.html,Picardi,598,605,PER,Q1525531,150.32752990722656
document_141245.html,Cairo,833,838,LOC,Q85,127.53023529052734
document_141249.html,Aldo Moro,6,15,PER,Q171834,142.92926025390625
document_141249.html,San Giovanni in Fiore,28,49,LOC,Q53969,136.1812286376953
document_141249.html,Catanzaro,70,79,LOC,Q3883,116.78231811523438
document_141249.html,Cosenza,82,89,LOC,Q13619,115.72760009765625
document_141249.html,Partiti,450,457,ORG,Q7278,125.2999038696289
document_141249.html,Democrazia Cristiana,1168,1188,ORG,Q815348,133.30735778808594
document_141249.html,Moro,1247,1251,PER,Q171834,123.1397476196289
document_141249.html,Democrazia Cristiana,1350,1370,ORG,Q815348,132.8740692138672
document_141249.html,Governo,1556,1563,ORG,Q7188,111.57296752929688
document_141249.html,Paese,1567,1572,LOC,Q38,122.91084289550781
document_141254.html,Governo italiano,52,68,ORG,Q715959,119.81617736816406
document_141254.html,Milano,324,330,LOC,Q490,104.95823669433594
document_141259.html,Aldo Moro,39,48,PER,Q171834,141.19859313964844
document_141259.html,Cassino,52,59,LOC,Q116592,127.84947967529297
document_141267.html,Governatore Generale,7,27,PER,Q782965,146.48802185058594
document_141267.html,Primo Ministro,40,54,PER,Q14212,130.65664672851562
document_141269.html,Comunità,78,86,ORG,Q52847,115.56265258789062
document_141269.html,Comunità dei Dieci,294,312,ORG,Q7779,149.28836059570312
document_141270.html,Repubblica Federale Tedesca,47,74,LOC,Q41304,137.5729522705078
document_141270.html,Willy Brandt,132,144,PER,Q2514,155.642822265625
document_141271.html,Moro,25,29,PER,Q47583,141.03390502929688
document_141271.html,Lussemburgo,58,69,LOC,Q32,121.51870727539062
document_141271.html,NATO,207,211,ORG,Q7184,132.02627563476562
document_141271.html,Bonn,217,221,LOC,Q586,120.00800323486328
document_141271.html,MEC,358,361,ORG,Q7184,171.74819946289062
document_141271.html,Comunità,461,469,ORG,Q52847,114.9945297241211
document_141276.html,Governo maltese,111,126,ORG,Q233,141.6297149658203
document_141276.html,Governo italiano,310,326,ORG,Q715959,131.8701171875
document_141276.html,Bemporad,466,474,PER,Q158030,172.3287811279297
document_141276.html,Cariglia,480,488,PER,Q601298,157.8250732421875
document_141276.html,Governo maltese,542,557,ORG,Q233,137.27548217773438
document_141276.html,Governo italiano,685,701,ORG,Q715959,124.74470520019531
document_141276.html,Malta,922,927,LOC,Q233,108.69337463378906
document_141276.html,Repubblica federale tedesca,975,1002,LOC,Q41304,135.1483154296875
document_141276.html,Canada,1009,1015,LOC,Q16,109.57075500488281
document_141294.html,Aldo Moro,73,82,PER,Q171834,155.494140625
document_141302.html,Provincia,69,78,LOC,Q16272,128.60989379882812
document_141302.html,Democrazia Cristiana,167,187,ORG,Q815348,138.78955078125
document_141302.html,Partito,377,384,ORG,Q764490,124.43852233886719
document_141304.html,Democrazia Cristiana,279,299,ORG,Q815348,126.65249633789062
document_141304.html,Paese,325,330,LOC,Q38,115.79386901855469
document_142010.html,Presidente,8,18,PER,Q11696,113.06884002685547
document_142010.html,Governo,43,50,ORG,Q7188,112.96305847167969
document_142010.html,Salvador Allende,266,282,PER,Q440,160.17401123046875
document_142022.html,Presidente,10,20,PER,Q248577,120.88513946533203
document_142022.html,Parlamento italiano,73,92,ORG,Q1117578,136.1279296875
document_142022.html,Governo,226,233,ORG,Q7188,110.94432067871094
document_142022.html,Parlamento,282,292,ORG,Q35749,113.53581237792969
document_142022.html,Paese,299,304,LOC,Q7275,116.12516784667969
document_142022.html,Parlamento,495,505,ORG,Q35749,116.26818084716797
document_142035.html,Paese,302,307,LOC,Q161227,130.07315063476562
document_142035.html,Moro,352,356,PER,Q171834,137.79879760742188
document_142035.html,Francia,492,499,LOC,Q659488,147.23138427734375
document_142035.html,Italia,502,508,LOC,Q171834,143.35595703125
document_142035.html,unione europea,672,686,ORG,Q171834,166.11318969726562
document_142036.html,Moro,13,17,PER,Q171834,143.50770568847656
document_142036.html,Italia,268,274,LOC,Q38,110.2810287475586
document_142036.html,Gran Bretagna,345,358,LOC,Q23666,108.70986938476562
document_142036.html,Comunità,377,385,ORG,Q1774161,134.37594604492188
document_142036.html,Gran Bretagna,428,441,LOC,Q23666,116.88490295410156
document_142036.html,Moro,458,462,PER,Q42544,148.9434814453125
document_142036.html,Comunità,496,504,ORG,Q171834,164.03826904296875
document_142036.html,Parlamento britannico,744,765,ORG,Q1347566,185.87232971191406
document_142041.html,Cile,134,138,LOC,Q298,106.84336853027344
document_142041.html,governo,161,168,ORG,Q7188,111.27790832519531
document_142047.html,Africa,58,64,LOC,Q15,110.7447280883789
document_142047.html,Moro,91,95,PER,Q171834,140.02188110351562
document_142047.html,Africa,211,217,LOC,Q15,108.77953338623047
document_142047.html,OUA,769,772,ORG,Q36600,171.59237670898438
document_142051.html,Malta,160,165,LOC,Q233,107.24054718017578
document_142051.html,Paese,279,284,LOC,Q38,115.64067077636719
document_142053.html,Moro,13,17,PER,Q171834,123.25636291503906
document_142053.html,Varsavia,47,55,LOC,Q270,112.10931396484375
document_142053.html,Bruxelles,84,93,LOC,Q9005,113.0790023803711
document_142053.html,Europa,202,208,LOC,Q46,106.2317886352539
document_142053.html,Urss,388,392,ORG,Q15180,115.95297241210938
document_142061.html,Togliatti,32,41,PER,Q310158,145.1387176513672
document_142061.html,Costituente,125,136,ORG,Q310158,146.83609008789062
document_142061.html,Assemblea,258,267,ORG,Q310158,149.56080627441406
document_142061.html,Togliatti,425,434,PER,Q310158,119.67767333984375
document_142061.html,Togliatti,646,655,PER,Q310158,116.68936157226562
document_142061.html,DC,692,694,ORG,Q815348,115.40426635742188
document_142061.html,Repubblica italiana,1156,1175,LOC,Q38,129.7530517578125
document_142073.html,Presidente,8,18,PER,Q7477985,121.74049377441406
document_142073.html,Senato,140,146,ORG,Q3955184,113.97521209716797
document_142073.html,Camera dei deputati,153,172,ORG,Q841424,121.58576965332031
document_142073.html,Governo,809,816,ORG,Q3773815,112.62796020507812
document_142073.html,Rognoni,913,920,PER,Q1748746,144.70938110351562
document_142073.html,De Martino,943,953,PER,Q3659250,154.4925994873047
document_142073.html,Orlandi,962,969,PER,Q3746504,152.75765991210938
document_142073.html,Biasini,978,985,PER,Q729032,148.68026733398438
document_142079.html,Primo ministro,10,24,PER,Q14212,122.94955444335938
document_142079.html,governo italiano,58,74,ORG,Q3773815,116.39356994628906
document_142083.html,Governo italiano,4,20,ORG,Q715959,118.70699310302734
document_142083.html,Italia,85,91,LOC,Q38,104.48194885253906
document_142083.html,Nazioni Unite,122,135,ORG,Q1065,122.026123046875
document_142083.html,Organizzazione,197,211,ORG,Q484652,115.22111511230469
document_142087.html,Primo Ministro,8,22,PER,Q14212,123.52307891845703
document_142087.html,Roma,133,137,LOC,Q220,107.78953552246094
document_142087.html,Canadà,385,391,LOC,Q16,105.64836120605469
document_142087.html,Italia,401,407,LOC,Q38,103.01046752929688
document_142116.html,Italia,4,10,LOC,Q38,105.00178527832031
document_142116.html,Primo Ministro,76,90,PER,Q14212,119.1121597290039
document_142116.html,Roma,125,129,LOC,Q220,104.94718933105469
document_142120.html,Mezzogiorno,84,95,LOC,Q207989,117.35247802734375
document_142128.html,Badioli,255,262,PER,Q22991664,144.94915771484375
document_142128.html,Badioli,472,479,PER,Q968365,144.25808715820312
document_142145.html,Democrazia Cristiana,219,239,ORG,Q815348,126.13243103027344
document_142145.html,Cappi,372,377,PER,Q47583,147.251953125
document_142145.html,Piccioni,386,394,PER,Q1665575,136.07022094726562
document_142145.html,Gonella,403,410,PER,Q1553555,133.84536743164062
document_142145.html,Cingolani,419,428,PER,Q318105,152.32249450683594
document_142145.html,Merlin,437,443,PER,Q3832550,139.96810913085938
document_142145.html,Tupini,452,458,PER,Q4003498,140.70614624023438
document_142145.html,Fanfani,540,547,PER,Q273228,124.37957763671875
document_142145.html,Moro,556,560,PER,Q171834,117.5548324584961
document_142145.html,Rumor,569,574,PER,Q47720,142.58807373046875
document_142145.html,Colombo,583,590,PER,Q47583,121.97730255126953
document_142145.html,Andreotti,600,609,PER,Q50005,117.65904998779297
document_142145.html,Taviani,619,626,PER,Q1379277,151.6123046875
document_142145.html,De Mita,763,770,PER,Q316226,154.1715545654297
document_142145.html,Marcora,780,787,PER,Q47651,137.51080322265625
document_142145.html,Morlino,797,804,PER,Q3619102,146.4525146484375
document_142145.html,Cossiga,814,821,PER,Q3111985,156.975341796875
document_142145.html,Gullotti,831,839,PER,Q3619102,133.01556396484375
document_142145.html,Bisaglia,849,857,PER,Q1059394,145.90911865234375
document_142149.html,Primo Ministro,4,18,PER,Q14211,125.02941131591797
document_142149.html,Wilson,19,25,PER,Q128956,125.4530029296875
document_142149.html,Governo britannico,88,106,ORG,Q8680,123.69989776611328
document_142160.html,Aldo Moro,33,42,PER,Q171834,146.43914794921875
document_142160.html,Triestee,55,63,LOC,Q397724,153.14540100097656
document_142160.html,Vittorio Veneto,82,97,LOC,Q47578,160.7989501953125
document_142160.html,Democrazia Cristiana,151,171,ORG,Q815348,132.63861083984375
document_142160.html,Democrazia Cristiana,354,374,ORG,Q815348,128.6290283203125
document_142160.html,Paese,463,468,LOC,Q7275,119.69940948486328
document_142160.html,Democrazia Cristiana,913,933,ORG,Q815348,125.79280090332031
document_142162.html,Aldo Moro,33,42,PER,Q171834,158.6533203125
document_142162.html,Luccae,55,61,LOC,Q13373,149.48818969726562
document_142162.html,Savona,62,68,LOC,Q13320,125.704833984375
document_142162.html,Democrazia Cristiana,134,154,ORG,Q815348,130.585693359375
document_142162.html,Democrazia Cristiana,746,766,ORG,Q815348,127.45144653320312
document_142170.html,Democrazia Cristiana,62,82,ORG,Q815348,123.980712890625
document_142170.html,Democrazia Cristiana,168,188,ORG,Q815348,120.86781311035156
document_142170.html,Italia,229,235,LOC,Q38,104.60723876953125
document_142170.html,Democrazia Cristiana,735,755,ORG,Q815348,122.46128845214844
document_142186.html,Stati Uniti,56,67,LOC,Q49,124.37837219238281
document_142196.html,Presidente,7,17,PER,Q11696,122.32015228271484
document_142196.html,Tremaglia,200,209,PER,Q1514742,141.0411834716797
document_142196.html,Presidente,391,401,PER,Q11696,122.76115417480469
document_142196.html,Commissione esteri,408,426,ORG,Q780176,142.12588500976562
document_142209.html,Democrazia cristiana,243,263,ORG,Q815348,126.43345642089844
document_142221.html,Camere,10,16,ORG,Q841424,125.30390167236328
document_142221.html,Kappler,381,388,PER,Q993405,154.19000244140625
document_142222.html,D.C.,24,28,ORG,Q815348,152.4498748779297
