doc_id,start_pos,end_pos,surface,type,identifier,score
document_110032.html,62,78,Azione Cattolica,ORG,Q3318304,-0.08062021434307098
document_110032.html,131,143,Associazione,ORG,Q48204,-0.1294165551662445
document_110032.html,188,199,San Tommaso,PER,Q9438,-0.08767838776111603
document_110032.html,602,608,Chiesa,ORG,Q9592,-0.16131697595119476
document_110032.html,752,762,S. Tommaso,PER,Q43669,-0.13548390567302704
document_110034.html,49,56,Firenze,LOC,Q2044,-0.09257446229457855
document_110034.html,173,189,Azione Cattolica,ORG,Q3318304,-0.07817257940769196
document_110047.html,179,191,Associazioni,ORG,Q48204,-0.09952846169471741
document_110065.html,70,76,Italia,LOC,Q38,-0.10406386107206345
document_110065.html,114,130,Azione Cattolica,ORG,Q3318304,-0.07994752377271652
document_110065.html,222,237,Sede Apostolica,ORG,Q159583,-0.0872405394911766
document_110065.html,248,259,Padre Santo,PER,Q19546,-0.36111384630203247
document_110065.html,515,521,Cristo,PER,Q642420,-0.13238108158111572
document_110065.html,582,588,Chiesa,ORG,Q9592,-0.09907763451337814
document_110065.html,628,644,Azione Cattolica,ORG,Q3318304,-0.08718911558389664
document_110065.html,687,703,Beatissimo Padre,PER,Q19546,-0.1996719241142273
document_110065.html,725,741,Azione Cattolica,ORG,Q3318304,-0.0826922282576561
document_110065.html,985,1004,Università Italiane,ORG,Q20009854,-0.11094038188457489
document_110082.html,83,89,Italia,LOC,Q38,-0.13736426830291748
document_110088.html,329,345,partito popolare,ORG,Q2717398,-0.11314268410205841
document_110088.html,1583,1590,Pio XII,PER,Q2604,-0.08311230689287186
document_110090.html,919,927,Betlemme,LOC,Q5776,-0.07537422329187393
document_110092.html,50,56,Sforza,PER,Q463243,-0.21832935512065887
document_110092.html,170,176,Sforza,PER,Q463243,-0.15475811064243317
document_110092.html,296,306,Montevideo,LOC,Q1335,-0.0866917297244072
document_110106.html,30,45,Luigi Lavitrano,PER,Q1493618,-0.08460117876529694
document_110106.html,65,72,Palermo,LOC,Q2656,-0.1626741588115692
document_110106.html,143,149,A.C.I.,ORG,Q1365235,-0.5310689210891724
document_110106.html,292,329,Associazioni Universitarie Cattoliche,ORG,Q479048,-0.8850526213645935
document_110106.html,335,341,Italia,LOC,Q38,-0.108763188123703
document_110106.html,388,392,Fuci,ORG,Q3091708,-0.15464170277118683
document_110114.html,114,120,Italia,LOC,Q38,-0.15568393468856812
document_110139.html,172,179,Tunisia,LOC,Q948,-0.09167613089084625
document_110139.html,302,308,Italia,LOC,Q38,-0.12492755055427551
document_110143.html,27,33,Italia,LOC,Q38,-0.10607154667377472
document_110144.html,38,43,Padre,PER,Q186350,-0.2546033263206482
document_110155.html,65,71,Italia,LOC,Q38,-0.13409371674060822
document_110155.html,624,630,Italia,LOC,Q38,-0.11768342554569244
document_110167.html,64,72,Germania,LOC,Q183,-0.15833653509616852
document_110177.html,48,64,Azione Cattolica,ORG,Q3318304,-0.07910074293613434
document_110177.html,77,81,Roma,LOC,Q220,-0.09980233758687973
document_110177.html,404,410,Italia,LOC,Q38,-0.1176360547542572
document_110177.html,1535,1551,Azione Cattolica,ORG,Q3318304,-0.08143750578165054
document_110177.html,1608,1613,Paese,LOC,Q6256,-0.11230974644422531
document_110199.html,232,238,Italia,LOC,Q38,-0.11293947696685791
document_110199.html,436,440,Roma,LOC,Q220,-0.09400498121976852
document_110199.html,509,513,FUCI,ORG,Q3091708,-0.08029947429895401
document_110205.html,158,163,Parri,PER,Q471315,-0.21908465027809143
document_110220.html,130,148,Laureati Cattolici,ORG,Q1054679,-0.41382479667663574
document_110220.html,523,531,Laureati,ORG,Q1054679,-0.3185676634311676
document_110220.html,566,570,Roma,LOC,Q220,-0.09420783072710037
document_110220.html,631,649,Laureati Cattolici,ORG,Q1054679,-0.44976919889450073
document_110220.html,875,881,Patria,LOC,Q642555,-0.10113667696714401
document_110220.html,984,990,Italia,LOC,Q38,-0.10278602689504623
document_121003.html,696,701,Stato,ORG,Q7275,-0.10235533863306046
document_121012.html,13,17,Moro,PER,Q171834,-0.13584810495376587
document_121012.html,45,53,Lombardi,PER,Q3934504,-0.31455689668655396
document_121020.html,13,17,Moro,PER,Q171834,-0.07999647408723831
document_121020.html,123,134,Commissione,ORG,Q2986700,-0.14675971865653992
document_121020.html,233,243,Presidente,PER,Q332711,-0.22181831300258636
document_121021.html,13,17,Moro,PER,Q171834,-0.1595139503479004
document_121021.html,334,341,La Pira,PER,Q543393,-0.1311313807964325
document_121021.html,363,368,Basso,PER,Q3229281,-0.3388853073120117
document_121024.html,13,17,Moro,PER,Q171834,-0.1704442948102951
document_121024.html,158,163,Basso,PER,Q3229281,-0.20555652678012848
document_121024.html,169,177,Marchesi,PER,Q47491672,-0.6014979481697083
document_121024.html,382,389,La Pira,PER,Q543393,-0.13031883537769318
document_121029.html,13,17,Moro,PER,Q171834,-0.3989821970462799
document_121029.html,144,152,Dossetti,PER,Q370039,-0.2561241090297699
document_121034.html,13,17,Moro,PER,Q171834,-0.3436338007450104
document_121034.html,71,76,Basso,PER,Q3229281,-0.2889276444911957
document_121043.html,13,17,Moro,PER,Q171834,-0.29546433687210083
document_121043.html,84,92,Marchesi,PER,Q47491672,-0.6091457009315491
document_121087.html,13,17,Moro,PER,Q171834,-0.1638048142194748
document_121087.html,145,154,Cevolotto,PER,Q451293,-2.783383369445801
document_121087.html,206,215,Togliatti,PER,Q310158,-0.057682354003190994
document_121088.html,13,17,Moro,PER,Q171834,-0.278732568025589
document_121088.html,198,207,Cevolotto,PER,Q3762603,-2.1843199729919434
document_121088.html,983,992,Terracini,PER,Q4003497,-0.3322546184062958
document_121093.html,13,17,Moro,PER,Q171834,-0.3840238153934479
document_121093.html,293,309,Sottocommissione,ORG,Q1135549,-0.7570078372955322
document_121093.html,660,677,Consulta araldica,ORG,Q1822839,-0.07709427922964096
document_121097.html,68,73,Stato,ORG,Q7275,-0.09353052079677582
document_121097.html,76,82,Chiesa,ORG,Q9592,-0.13941560685634613
document_121097.html,111,115,Moro,PER,Q171834,-0.0990310087800026
document_121104.html,188,194,Italia,LOC,Q38,-0.14147061109542847
document_121109.html,35,56,Assemblea costituente,ORG,Q1053185,-0.07955224812030792
document_121134.html,489,509,Democrazia cristiana,ORG,Q815348,-0.07225752621889114
document_121134.html,818,824,Italia,LOC,Q38,-0.11782623827457428
document_121142.html,67,83,Ferdinando Vegas,PER,Q21587924,-0.08106570690870285
document_121149.html,141,147,Italia,LOC,Q38,-0.12494935095310211
document_121149.html,462,468,Italia,LOC,Q38,-0.12115077674388885
document_121170.html,58,69,Commissione,ORG,Q2986700,-0.12394183874130249
document_121170.html,189,197,Targetti,PER,Q3742688,-0.4566991329193115
document_121186.html,100,121,Assemblea costituente,ORG,Q1053185,-0.08193328231573105
document_121186.html,174,194,Corte costituzionale,ORG,Q32766,-0.15224306285381317
document_121186.html,353,363,Condorelli,PER,Q32544224,-0.5385062098503113
document_121186.html,613,620,Regione,LOC,Q16110,-0.1827196329832077
document_121196.html,3,5,DC,ORG,Q815348,-0.0887206643819809
document_121217.html,198,213,Luciano Magrini,PER,Q28801839,-0.07864894717931747
document_121217.html,256,264,Il Mondo,ORG,Q3792807,-0.08907992392778397
document_121238.html,89,95,Italia,LOC,Q38,-0.11752685904502869
document_121238.html,167,183,Maria Montessori,PER,Q131117,-0.07412660866975784
document_121238.html,279,285,Italia,LOC,Q38,-0.11048517376184464
document_121238.html,356,361,Paese,LOC,Q6256,-0.15650522708892822
document_121239.html,431,437,Italia,LOC,Q38,-0.1068810522556305
document_121245.html,37,43,Italia,LOC,Q38,-0.11587591469287872
document_121245.html,207,217,Università,ORG,Q3918,-0.12383531033992767
document_122004.html,149,160,Commissione,ORG,Q2986700,-0.08984231948852539
document_122004.html,335,343,Ministro,PER,Q83307,-0.2438463270664215
document_122004.html,469,475,Senato,ORG,Q633872,-0.12382825464010239
document_122004.html,493,499,Camera,ORG,Q841424,-0.10013566166162491
document_122004.html,504,513,Ministero,ORG,Q192350,-0.2065974920988083
document_122004.html,828,836,Ministro,PER,Q83307,-0.1859123855829239
document_122004.html,1422,1430,Ministro,PER,Q83307,-0.14771556854248047
document_122004.html,1454,1462,Marchesi,PER,Q63050607,-0.4363250434398651
document_122004.html,1510,1519,Ministero,ORG,Q192350,-0.14747801423072815
document_122004.html,1606,1614,Ministro,PER,Q83307,-0.13433738052845
document_122012.html,152,160,Polesine,LOC,Q1242205,-0.09140558540821075
document_122012.html,298,303,Nenni,PER,Q539486,-0.080734021961689
document_122018.html,78,94,Maria Montessori,PER,Q131117,-0.07409054785966873
document_122018.html,207,217,Parlamento,ORG,Q35749,-0.17840315401554108
document_122018.html,279,295,Maria Montessori,PER,Q131117,-0.07477665692567825
document_122018.html,325,329,Aula,ORG,Q607600,-0.43188101053237915
document_122033.html,36,43,governo,ORG,Q7188,-0.20629256963729858
document_122033.html,162,169,governo,ORG,Q7188,-0.1637975424528122
document_122033.html,246,253,Covelli,PER,Q3766991,-1.9761829376220703
document_122034.html,63,82,Camera dei Deputati,ORG,Q841424,-0.08880885690450668
document_122034.html,300,306,Camera,ORG,Q841424,-0.09635961800813675
document_122034.html,349,369,Corte Costituzionale,ORG,Q981005,-0.16084568202495575
document_122034.html,407,416,Assemblea,ORG,Q1752346,-0.30046865344047546
document_122034.html,461,467,Camera,ORG,Q841424,-0.09909412264823914
document_122034.html,515,521,Giunta,ORG,Q239463,-0.3395848572254181
document_122034.html,585,591,Giunta,ORG,Q3769851,-0.37296733260154724
document_122034.html,709,715,Camera,ORG,Q841424,-0.09844623506069183
document_122034.html,955,965,Parlamento,ORG,Q1117578,-0.24975666403770447
document_122034.html,1043,1049,Giunta,ORG,Q239463,-0.3669719696044922
document_122034.html,1055,1061,Camera,ORG,Q841424,-0.09822247922420502
document_122034.html,1181,1191,Parlamento,ORG,Q1117578,-0.27429550886154175
document_122044.html,7,17,Presidente,PER,Q15814195,-0.270346462726593
document_122044.html,111,127,Giuseppe Bettiol,PER,Q3770116,-0.08789562433958054
document_122067.html,68,74,Mattei,PER,Q16576442,-0.5043363571166992
document_131006.html,26,33,Sicilia,LOC,Q1460,-0.1102602630853653
document_131006.html,48,55,Palermo,LOC,Q2656,-0.09508295357227325
document_131034.html,6,10,Moro,PER,Q171834,-0.07509350776672363
document_131034.html,208,227,Movimento femminile,ORG,Q7252,-0.48689067363739014
document_131034.html,394,401,Partito,ORG,Q47729,-0.14271721243858337
document_131034.html,447,451,D.C.,ORG,Q815348,-0.07683213800191879
document_131034.html,663,667,D.C.,ORG,Q815348,-0.08191144466400146
document_131058.html,20,40,Democrazia Cristiana,ORG,Q815348,-0.07379012554883957
document_131058.html,45,49,Moro,PER,Q171834,-0.08842509239912033
document_131058.html,89,99,Sala Bossi,LOC,Q3661069,-1.0307866334915161
document_131058.html,264,281,Partito comunista,ORG,Q461886,-0.14617933332920074
document_131067.html,20,39,Consiglio Nazionale,ORG,Q676078,-0.1817273497581482
document_131067.html,649,651,DC,ORG,Q815348,-0.08943990617990494
document_131067.html,1192,1194,DC,ORG,Q815348,-0.09089094400405884
document_131067.html,1326,1328,DC,ORG,Q815348,-0.0885157585144043
document_131072.html,49,73,Presidente del Consiglio,PER,Q796897,-0.0898582935333252
document_131072.html,434,441,Morlino,PER,Q25126063,-1.3291453123092651
document_131084.html,19,23,D.C.,ORG,Q815348,-0.08880279213190079
document_131084.html,235,239,D.C.,ORG,Q815348,-0.0901104286313057
document_131084.html,392,397,Paese,LOC,Q6256,-0.13324004411697388
document_131084.html,513,519,Italia,LOC,Q38,-0.10915115475654602
document_131087.html,53,59,Napoli,LOC,Q2634,-0.09796276688575745
document_131087.html,106,110,D.C.,ORG,Q815348,-0.1189647763967514
document_131087.html,452,456,D.C.,ORG,Q815348,-0.1158188134431839
document_131087.html,486,492,Napoli,LOC,Q2634,-0.1010822281241417
document_131092.html,6,10,Moro,PER,Q171834,-0.07173266261816025
document_131092.html,79,86,Partito,ORG,Q47729,-0.23624980449676514
document_131092.html,198,204,Napoli,LOC,Q2634,-0.09847091883420944
document_131092.html,315,319,Moro,PER,Q171834,-0.0696612000465393
document_131092.html,628,635,Partito,ORG,Q47729,-0.2989879846572876
document_131092.html,723,729,Napoli,LOC,Q2634,-0.09553273022174835
document_131092.html,1004,1011,Partito,ORG,Q7278,-0.1523423045873642
document_131092.html,1043,1047,D.C.,ORG,Q815348,-0.08423291891813278
document_131092.html,1204,1208,D.C.,ORG,Q815348,-0.08569437265396118
document_131106.html,133,137,Roma,LOC,Q220,-0.10117685049772263
document_131106.html,139,145,Napoli,LOC,Q2634,-0.09845099598169327
document_131106.html,147,151,Bari,LOC,Q3519,-0.09661969542503357
document_131106.html,153,157,Pisa,LOC,Q13375,-0.09229744225740433
document_131106.html,159,165,Foggia,LOC,Q13464,-0.08638007938861847
document_131106.html,582,587,Paese,LOC,Q38,-0.1833297610282898
document_131111.html,176,184,Berloffa,PER,Q821953,-1.6859346628189087
document_131111.html,754,758,Roma,LOC,Q220,-0.09812728315591812
document_131111.html,1793,1800,Partito,ORG,Q7278,-0.250222772359848
document_131117.html,33,43,Segretario,PER,Q80687,-0.2327490597963333
document_131117.html,464,480,Società italiana,ORG,Q3488440,-0.46430838108062744
document_131119.html,2,8,Padova,LOC,Q617,-0.08625046163797379
document_131119.html,89,98,Aldo Moro,PER,Q171834,-0.08709409832954407
document_131119.html,175,182,Perugia,LOC,Q3437,-0.08798021823167801
document_131119.html,270,274,Moro,PER,Q171834,-0.08839509636163712
document_131120.html,29,31,DC,ORG,Q815348,-0.09114200621843338
document_131120.html,36,40,Moro,PER,Q171834,-0.08326801657676697
document_131120.html,58,65,Bergamo,LOC,Q628,-0.0878681093454361
document_131120.html,118,130,Teatro Nuovo,LOC,Q3516765,-0.6418601870536804
document_131120.html,191,193,DC,ORG,Q815348,-0.09517596662044525
document_131120.html,400,404,Moro,PER,Q171834,-0.06804494559764862
document_131120.html,467,469,DC,ORG,Q815348,-0.10030065476894379
document_131120.html,636,638,DC,ORG,Q815348,-0.08738125115633011
document_131120.html,816,821,Paese,LOC,Q38,-0.1793028861284256
document_131120.html,874,876,DC,ORG,Q815348,-0.09257519245147705
document_131126.html,534,536,DC,ORG,Q815348,-0.08682454377412796
document_131126.html,980,987,Partito,ORG,Q7278,-0.24453485012054443
document_131126.html,1244,1263,Consiglio Nazionale,ORG,Q676078,-0.6563768982887268
document_131126.html,1626,1632,Napoli,LOC,Q2634,-0.09576208144426346
document_131128.html,19,39,Democrazia Cristiana,ORG,Q815348,-0.08035671710968018
document_131128.html,486,499,Nazioni Unite,ORG,Q1065,-0.08346932381391525
document_131128.html,925,943,Alleanza Atlantica,ORG,Q7184,-0.08258172869682312
document_131130.html,25,35,Presidente,PER,Q796897,-0.3099541962146759
document_131130.html,176,183,Governo,ORG,Q3773971,-0.2456531673669815
document_131130.html,220,227,Governo,ORG,Q3773971,-0.2611410915851593
document_131130.html,315,324,Togliatti,PER,Q310158,-0.056095320731401443
document_131130.html,428,435,Governo,ORG,Q3773971,-0.23999544978141785
document_131130.html,538,555,partito comunista,ORG,Q233591,-0.17230911552906036
document_132006.html,25,40,Sommo Pontefice,PER,Q19546,-0.08421680331230164
document_132006.html,44,54,Terrasanta,LOC,Q48175,-0.1156088337302208
document_132006.html,331,337,Chiesa,ORG,Q9592,-0.18025833368301392
document_132006.html,476,482,Chiesa,ORG,Q9592,-0.17134083807468414
document_132011.html,25,31,Italia,LOC,Q38,-0.11083225905895233
document_132011.html,127,132,Paese,LOC,Q6256,-0.19494518637657166
document_132011.html,221,228,Governo,ORG,Q7188,-0.20244750380516052
document_132011.html,471,478,Governo,ORG,Q7188,-0.190739706158638
document_132011.html,684,690,Italia,LOC,Q38,-0.11135536432266235
document_132011.html,752,759,Governo,ORG,Q7188,-0.21301032602787018
document_132011.html,1088,1094,Italia,LOC,Q38,-0.1188199371099472
document_132028.html,39,42,Rai,ORG,Q19616,-0.09338298439979553
document_132028.html,135,142,Governo,ORG,Q7188,-0.21159982681274414
document_132047.html,164,169,Malta,LOC,Q233,-0.11384288966655731
document_132065.html,62,86,Presidente del Consiglio,PER,Q796897,-0.09259026497602463
document_132065.html,167,170,IRI,ORG,Q1674879,-0.08743812888860703
document_132065.html,177,185,Alitalia,ORG,Q153975,-0.09531918913125992
document_132065.html,300,310,Presidente,PER,Q796897,-0.17391568422317505
document_132065.html,311,320,Carandini,PER,Q2846314,-0.3922407925128937
document_132073.html,32,41,Aldo Moro,PER,Q171834,-0.08550039678812027
document_132073.html,67,71,Bari,LOC,Q3519,-0.11046537011861801
document_132086.html,14,18,Roma,LOC,Q220,-0.09581180661916733
document_132086.html,83,89,Italia,LOC,Q38,-0.11320798844099045
document_132086.html,137,141,Nato,ORG,Q7184,-0.07132008671760559
document_132086.html,151,167,Governo italiano,ORG,Q3773971,-0.08991897106170654
document_132108.html,155,165,Presidente,PER,Q332711,-0.23451726138591766
document_132108.html,175,180,Togni,PER,Q40106110,-1.3874503374099731
document_132109.html,116,124,Pacifico,LOC,Q98,-0.09678798913955688
document_132109.html,193,199,Italia,LOC,Q38,-0.19946609437465668
document_132109.html,292,300,Giappone,LOC,Q17,-0.0864703431725502
document_132115.html,39,47,Badaloni,PER,Q3632743,-0.31669333577156067
document_132115.html,131,140,Aldo Moro,PER,Q171834,-0.08568915724754333
document_132115.html,237,241,AIMC,ORG,Q3626589,-0.283537894487381
document_132117.html,32,41,Aldo Moro,PER,Q171834,-0.0859052762389183
document_132117.html,57,64,Firenze,LOC,Q2044,-0.09503671526908875
document_132117.html,169,176,Sindaco,PER,Q30185,-0.12733979523181915
document_132117.html,180,187,Firenze,LOC,Q2044,-0.10060542076826096
document_132124.html,39,49,Jugoslavia,LOC,Q36704,-0.16938789188861847
document_132124.html,114,123,Stambolic,PER,Q313535,-1.741913914680481
document_132165.html,54,58,Bari,LOC,Q3519,-0.1177775040268898
document_132165.html,216,220,Bari,LOC,Q3519,-0.10301180183887482
document_132165.html,317,321,Bari,LOC,Q3519,-0.12515753507614136
document_132165.html,406,413,Governo,ORG,Q7188,-0.25544700026512146
document_132165.html,523,528,Paese,LOC,Q38,-0.14229527115821838
document_132165.html,814,820,Italia,LOC,Q38,-0.10986441373825073
document_132165.html,1147,1158,Mezzogiorno,LOC,Q207989,-0.09427230060100555
document_132165.html,1161,1167,Italia,LOC,Q38,-0.11154773086309433
document_132165.html,1272,1279,Governo,ORG,Q7188,-0.23932096362113953
document_132171.html,158,163,Città,LOC,Q515,-0.15721064805984497
document_132171.html,218,225,Berlino,LOC,Q64,-0.08672832697629929
document_132172.html,122,125,Ice,ORG,Q3803624,-0.32696276903152466
document_132172.html,159,168,Aldo Moro,PER,Q171834,-0.08846390247344971
document_132172.html,228,236,Istituto,ORG,Q1664720,-0.3450780510902405
document_132172.html,442,448,Tolloy,PER,Q2324276,-1.703216791152954
document_132172.html,471,474,Ice,ORG,Q3803624,-0.4287526309490204
document_132172.html,481,487,Donati,PER,Q2094666,-0.4602549374103546
document_132172.html,495,499,Moro,PER,Q171834,-0.09296393394470215
document_132172.html,554,561,Governo,ORG,Q7188,-0.2360905408859253
document_132172.html,779,786,Governo,ORG,Q7188,-0.2630782127380371
document_132173.html,64,79,Cesare Battisti,PER,Q78782,-0.10762448608875275
document_132173.html,99,105,Trento,LOC,Q3376,-0.09504366666078568
document_132173.html,357,365,Battisti,PER,Q78782,-0.3363719880580902
document_132173.html,385,389,Eroi,ORG,Q3732457,-0.4303275942802429
document_132173.html,407,415,Battisti,PER,Q78782,-0.44098952412605286
document_132179.html,444,463,Parlamento italiano,ORG,Q1117578,-0.09578115493059158
document_132179.html,611,618,Governo,ORG,Q3773971,-0.2679552137851715
document_132179.html,748,755,Governo,ORG,Q7188,-0.24740377068519592
document_132179.html,769,779,Parlamento,ORG,Q35749,-0.22914724051952362
document_132179.html,819,828,Almirante,PER,Q2649709,-0.09920968860387802
document_132179.html,875,882,Governo,ORG,Q7188,-0.24570439755916595
document_132179.html,971,977,Camera,ORG,Q841424,-0.10087098181247711
document_132179.html,983,993,Alto Adige,LOC,Q15124,-0.07542317360639572
document_132179.html,1080,1086,Camera,ORG,Q841424,-0.09981824457645416
document_132183.html,32,41,Aldo Moro,PER,Q171834,-0.08611556142568588
document_132183.html,280,295,Amministrazione,ORG,Q2043282,-0.1784832775592804
document_132183.html,299,306,Salerno,LOC,Q1083,-0.0915926918387413
document_132183.html,342,347,Menna,PER,Q29913463,-3.082797050476074
document_132194.html,36,43,Gorizia,LOC,Q6596,-0.08750574290752411
document_132194.html,263,268,Paese,LOC,Q6256,-0.1190890371799469
document_132194.html,1054,1061,Oslavia,LOC,Q979837,-0.09330732375383377
document_132194.html,1111,1119,Sabotino,LOC,Q3861947,-0.09597072005271912
document_132194.html,1125,1132,Pogdora,LOC,Q359194,-1.701062560081482
document_132194.html,1198,1205,Gorizia,LOC,Q6596,-0.08481918275356293
document_132194.html,1567,1574,Oslavia,LOC,Q979837,-0.0919903814792633
document_132194.html,1791,1799,Sabotino,LOC,Q3861947,-0.09242478758096695
document_132194.html,1802,1809,Gorizia,LOC,Q6596,-0.08698643743991852
document_132198.html,2,9,Firenze,LOC,Q2044,-0.09598574042320251
document_132198.html,44,53,Aldo Moro,PER,Q171834,-0.08610614389181137
document_132198.html,77,87,Bargellini,PER,Q3903157,-0.5262535810470581
document_132198.html,178,185,Governo,ORG,Q7188,-0.336424857378006
document_132198.html,216,223,Firenze,LOC,Q2044,-0.09677637368440628
document_132223.html,95,111,Governo italiano,ORG,Q3773971,-0.08842342346906662
document_132223.html,206,212,Italia,LOC,Q38,-0.12220946699380875
document_132230.html,398,403,Paese,LOC,Q38,-0.14488299190998077
document_132230.html,773,792,Segretario politico,PER,Q1553195,-0.19794945418834686
document_132230.html,868,875,Partito,ORG,Q7278,-0.17365401983261108
document_132232.html,19,26,Codogno,LOC,Q42298,-0.0883217453956604
document_132256.html,3,14,Alberobello,LOC,Q51812,-0.08086889982223511
document_132256.html,70,96,Italiana Maestri Cattolici,ORG,Q3626589,-0.49803534150123596
document_132256.html,162,171,Aldo Moro,PER,Q171834,-0.08807679265737534
document_132256.html,236,250,Maria Badaloni,PER,Q28030773,-0.08334878832101822
document_132256.html,517,521,Moro,PER,Q171834,-0.09287139028310776
document_132256.html,1103,1108,Paese,LOC,Q6256,-0.11149236559867859
document_132257.html,2,7,Cuneo,LOC,Q5968,-0.10086273401975632
document_132257.html,41,50,Aldo Moro,PER,Q171834,-0.08863568305969238
document_132257.html,171,187,Giovanni Giraudo,PER,Q3767386,-0.08306466042995453
document_132257.html,251,260,Provincia,LOC,Q15091,-0.14124639332294464
document_132257.html,289,293,Moro,PER,Q171834,-0.0902661457657814
document_132257.html,346,351,Cuneo,LOC,Q5968,-0.11031927913427353
document_132264.html,45,47,Dc,ORG,Q815348,-0.06696850061416626
document_132264.html,368,374,Italia,LOC,Q38,-0.10858182609081268
document_132264.html,716,723,Partito,ORG,Q7278,-0.1275007426738739
document_132264.html,1070,1090,Democrazia Cristiana,ORG,Q815348,-0.07440058141946793
document_132272.html,49,56,Partito,ORG,Q47729,-0.18701408803462982
document_132272.html,235,255,Democrazia Cristiana,ORG,Q815348,-0.07523655891418457
document_132274.html,77,87,Tremelloni,PER,Q3939205,-0.4988718032836914
document_132274.html,125,147,Ministero della Difesa,ORG,Q1855201,-0.08176598697900772
document_132274.html,227,255,Istituto di guerra marittima,ORG,Q3803624,-0.5290842652320862
document_132289.html,36,44,Comitato,ORG,Q3684393,-0.20721708238124847
document_132289.html,203,210,Governo,ORG,Q7188,-0.1636258214712143
document_132289.html,387,402,Massimo Pilotti,PER,Q3851409,-0.0818626657128334
document_132289.html,410,426,Gaetano Azzariti,PER,Q3756893,-0.08264455944299698
document_132289.html,435,450,Andrea Torrente,PER,Q3616074,-0.11447521299123764
document_132296.html,166,184,Regione valdostana,LOC,Q1222,-0.09361084550619125
document_132296.html,322,338,Union Valdotaine,ORG,Q370936,-0.14045880734920502
document_132296.html,635,646,Val d'Aosta,LOC,Q1222,-0.08408255875110626
document_132296.html,1114,1121,Regione,LOC,Q21235336,-0.22454804182052612
document_141002.html,103,115,Stefano Brun,PER,Q21075626,-1.7007572650909424
document_141002.html,218,259,Unione italiana delle Camere di Commercio,ORG,Q21236933,-0.10505829006433487
document_141002.html,319,325,Stagni,PER,Q3659869,-1.7300258874893188
document_141002.html,405,417,Stefano Brun,PER,Q1874605,-1.2666397094726562
document_141009.html,101,104,PCI,ORG,Q461886,-0.14381617307662964
document_141016.html,648,668,Democrazia Cristiana,ORG,Q815348,-0.07374180853366852
document_141027.html,2,15,Caltanissetta,LOC,Q13680,-0.0847095176577568
document_141027.html,23,32,Aldo Moro,PER,Q171834,-0.08515357226133347
document_141027.html,62,82,Democrazia Cristiana,ORG,Q815348,-0.07302151620388031
document_141027.html,123,134,Mezzogiorno,LOC,Q207989,-0.09465004503726959
document_141027.html,137,143,Italia,LOC,Q38,-0.10667268186807632
document_141031.html,19,26,Taviani,PER,Q351697,-0.08297036588191986
document_141031.html,82,89,Gaspari,PER,Q1279996,-0.2576502859592438
document_141036.html,6,15,Aldo Moro,PER,Q171834,-0.08505719900131226
document_141036.html,28,35,Sassari,LOC,Q13629,-0.08890083432197571
document_141036.html,77,85,Sardegna,LOC,Q1462,-0.08390691876411438
document_141036.html,247,258,Mezzogiorno,LOC,Q207989,-0.09301891177892685
document_141036.html,261,267,Italia,LOC,Q38,-0.11077085882425308
document_141036.html,1050,1055,Paese,LOC,Q6256,-0.11063772439956665
document_141046.html,45,53,Comunità,ORG,Q52847,-0.42385134100914
document_141046.html,62,72,Jugoslavia,LOC,Q83286,-0.18098482489585876
document_141046.html,184,189,Paese,LOC,Q6256,-0.2622288465499878
document_141046.html,234,241,Governo,ORG,Q7188,-0.21463385224342346
document_141061.html,121,124,Aja,ORG,Q36600,-0.12771722674369812
document_141061.html,181,190,Bruxelles,LOC,Q9005,-0.09980164468288422
document_141061.html,200,211,Lussemburgo,LOC,Q32,-0.10041703283786774
document_141061.html,252,268,Maurice Schumann,PER,Q282882,-0.1668827086687088
document_141061.html,356,369,Moro-Schumann,PER,Q171834,-0.3121495544910431
document_141061.html,498,506,Schumann,PER,Q282882,-0.13269369304180145
document_141094.html,199,202,Aja,ORG,Q36600,-0.15003852546215057
document_141094.html,234,240,Europa,LOC,Q46,-0.11339826881885529
document_141095.html,13,34,République Arabe Unie,LOC,Q170468,-0.15252231061458588
document_141095.html,87,92,Cairo,LOC,Q85,-0.20537661015987396
document_141095.html,267,275,Ministre,PER,Q83307,-0.1675511598587036
document_141097.html,54,63,Bruxelles,LOC,Q9005,-0.09672017395496368
document_141097.html,155,173,Conseil Atlantique,ORG,Q7184,-0.22185587882995605
document_141099.html,30,39,Aldo Moro,PER,Q171834,-0.08524710685014725
document_141099.html,52,59,Brescia,LOC,Q6221,-0.09769730269908905
document_141104.html,79,90,Commissione,ORG,Q8880,-0.09836273640394211
document_141104.html,293,331,Comitato dei Rappresentanti Permanenti,ORG,Q780116,-0.18147121369838715
document_141104.html,470,478,Comunità,ORG,Q52847,-0.21018260717391968
document_141114.html,53,59,Camera,ORG,Q841424,-0.08435339480638504
document_141114.html,82,89,Governo,ORG,Q3773971,-0.1670766919851303
document_141114.html,163,168,Libia,LOC,Q1016,-0.18400868773460388
document_141155.html,0,4,Moro,PER,Q171834,-0.07785779982805252
document_141155.html,46,53,Israele,LOC,Q801,-0.08321768045425415
document_141155.html,180,187,Knesset,ORG,Q133396,-0.09190154820680618
document_141155.html,206,217,Gerusalemme,LOC,Q1218,-0.08843860775232315
document_141155.html,498,509,Gerusalemme,LOC,Q1218,-0.08724740147590637
document_141168.html,226,231,Ghana,LOC,Q117,-0.08826570212841034
document_141172.html,49,65,Governo italiano,ORG,Q3773971,-0.10582548379898071
document_141172.html,206,225,Governo indonesiano,ORG,Q252,-0.21037864685058594
document_141172.html,250,258,Djakarta,LOC,Q3630,-0.11859940737485886
document_141180.html,69,85,Governo italiano,ORG,Q3773971,-0.08783013373613358
document_141180.html,150,154,Roma,LOC,Q220,-0.10390906780958176
document_141193.html,103,113,Bouteflika,PER,Q57308,-0.062410082668066025
document_141193.html,173,180,Algérie,LOC,Q262,-0.09249558299779892
document_141203.html,56,62,Italia,LOC,Q38,-0.11792157590389252
document_141203.html,165,169,Moro,PER,Q171834,-0.16927236318588257
document_141203.html,223,235,Villa Madama,LOC,Q1267485,-0.09382031112909317
document_141206.html,3,11,Comunità,ORG,Q52847,-0.10059422254562378
document_141206.html,103,129,Comunità Economica Europea,ORG,Q52847,-0.07261651754379272
document_141206.html,138,145,Turchia,LOC,Q43,-0.08581353724002838
document_141213.html,146,151,Nixon,PER,Q9588,-0.1013086810708046
document_141225.html,15,33,Parlamento Europeo,ORG,Q8889,-0.08478382974863052
document_141225.html,52,61,Consiglio,ORG,Q8896,-0.12277133017778397
document_141225.html,178,186,Comunità,ORG,Q52847,-0.2505587935447693
document_141226.html,38,42,Moro,PER,Q171834,-0.07234541326761246
document_141226.html,162,167,Mosca,LOC,Q649,-0.13223761320114136
document_141226.html,176,184,Varsavia,LOC,Q270,-0.18718481063842773
document_141226.html,219,226,Berlino,LOC,Q64,-0.09192301332950592
document_141226.html,275,281,Europa,LOC,Q46,-0.10174264013767242
document_141226.html,373,380,Berlino,LOC,Q64,-0.09093181043863297
document_141239.html,105,109,Moro,PER,Q171834,-0.08580231666564941
document_141239.html,158,184,Comunità economica europea,ORG,Q52847,-0.06502918154001236
document_141239.html,269,276,Turchia,LOC,Q43,-0.0853724405169487
document_141245.html,25,29,Moro,PER,Q171834,-0.17848320305347443
document_141245.html,87,112,Repubblica araba egiziana,LOC,Q79,-0.08160848915576935
document_141245.html,178,187,Farnesina,ORG,Q1423801,-0.12717193365097046
document_141245.html,215,221,Italia,LOC,Q38,-0.10719409584999084
document_141245.html,224,227,RAE,ORG,Q79,-0.31494393944740295
document_141245.html,513,522,Ripamonti,PER,Q3769425,-1.8021752834320068
document_141245.html,558,564,Pedini,PER,Q298877,-2.0297207832336426
document_141245.html,598,605,Picardi,PER,Q298877,-2.7391598224639893
document_141245.html,833,838,Cairo,LOC,Q85,-0.18914112448692322
document_141249.html,6,15,Aldo Moro,PER,Q171834,-0.08418449014425278
document_141249.html,28,49,San Giovanni in Fiore,LOC,Q53969,-0.08775238692760468
document_141249.html,70,79,Catanzaro,LOC,Q3883,-0.08639786392450333
document_141249.html,82,89,Cosenza,LOC,Q13619,-0.0857754573225975
document_141249.html,450,457,Partiti,ORG,Q7278,-0.10192105919122696
document_141249.html,1168,1188,Democrazia Cristiana,ORG,Q815348,-0.07877545058727264
document_141249.html,1247,1251,Moro,PER,Q171834,-0.07186272740364075
document_141249.html,1350,1370,Democrazia Cristiana,ORG,Q815348,-0.0792706161737442
document_141249.html,1556,1563,Governo,ORG,Q7188,-0.13571909070014954
document_141249.html,1567,1572,Paese,LOC,Q6256,-0.12743201851844788
document_141254.html,52,68,Governo italiano,ORG,Q3773971,-0.09221412986516953
document_141254.html,324,330,Milano,LOC,Q490,-0.091653972864151
document_141259.html,39,48,Aldo Moro,PER,Q171834,-0.08532615751028061
document_141259.html,52,59,Cassino,LOC,Q116592,-0.08455308526754379
document_141267.html,7,27,Governatore Generale,PER,Q17632013,-0.23272854089736938
document_141267.html,40,54,Primo Ministro,PER,Q10729319,-0.33481618762016296
document_141269.html,78,86,Comunità,ORG,Q177634,-0.24216246604919434
document_141269.html,294,312,Comunità dei Dieci,ORG,Q34623,-0.7342372536659241
document_141270.html,47,74,Repubblica Federale Tedesca,LOC,Q183,-0.11089398711919785
document_141270.html,132,144,Willy Brandt,PER,Q2514,-0.08140455931425095
document_141271.html,25,29,Moro,PER,Q171834,-0.08742958307266235
document_141271.html,58,69,Lussemburgo,LOC,Q32,-0.1261831372976303
document_141271.html,207,211,NATO,ORG,Q7184,-0.07730891555547714
document_141271.html,217,221,Bonn,LOC,Q586,-0.09285639226436615
document_141271.html,358,361,MEC,ORG,Q1307461,-0.3406496047973633
document_141271.html,461,469,Comunità,ORG,Q52847,-0.2595328688621521
document_141276.html,111,126,Governo maltese,ORG,Q1154870,-0.21997880935668945
document_141276.html,310,326,Governo italiano,ORG,Q3773971,-0.09625899791717529
document_141276.html,466,474,Bemporad,PER,Q3637916,-0.7178683876991272
document_141276.html,480,488,Cariglia,PER,Q601298,-1.3339228630065918
document_141276.html,542,557,Governo maltese,ORG,Q1154870,-0.28523051738739014
document_141276.html,685,701,Governo italiano,ORG,Q3773971,-0.09731574356555939
document_141276.html,922,927,Malta,LOC,Q233,-0.09556660056114197
document_141276.html,975,1002,Repubblica federale tedesca,LOC,Q183,-0.10669054836034775
document_141276.html,1009,1015,Canada,LOC,Q16,-0.09963186085224152
document_141294.html,73,82,Aldo Moro,PER,Q171834,-0.08498317003250122
document_141302.html,69,78,Provincia,LOC,Q34876,-0.2610110938549042
document_141302.html,167,187,Democrazia Cristiana,ORG,Q815348,-0.07508672028779984
document_141302.html,377,384,Partito,ORG,Q7278,-0.19925224781036377
document_141304.html,279,299,Democrazia Cristiana,ORG,Q815348,-0.07563919574022293
document_141304.html,325,330,Paese,LOC,Q6256,-0.1792580485343933
document_142010.html,8,18,Presidente,PER,Q2114942,-0.15086878836154938
document_142010.html,43,50,Governo,ORG,Q7188,-0.1739024817943573
document_142010.html,266,282,Salvador Allende,PER,Q440,-0.0781739205121994
document_142022.html,10,20,Presidente,PER,Q796897,-0.32334959506988525
document_142022.html,73,92,Parlamento italiano,ORG,Q1117578,-0.09886357933282852
document_142022.html,226,233,Governo,ORG,Q7188,-0.2456839233636856
document_142022.html,282,292,Parlamento,ORG,Q35749,-0.14959727227687836
document_142022.html,299,304,Paese,LOC,Q6256,-0.20888851583003998
document_142022.html,495,505,Parlamento,ORG,Q35749,-0.1484946310520172
document_142035.html,302,307,Paese,LOC,Q6256,-0.12467794865369797
document_142035.html,352,356,Moro,PER,Q171834,-0.0876295194029808
document_142035.html,492,499,Francia,LOC,Q142,-0.1041048988699913
document_142035.html,502,508,Italia,LOC,Q38,-0.12115214020013809
document_142035.html,672,686,unione europea,ORG,Q458,-0.08086966723203659
document_142036.html,13,17,Moro,PER,Q171834,-0.07168355584144592
document_142036.html,268,274,Italia,LOC,Q38,-0.13800595700740814
document_142036.html,345,358,Gran Bretagna,LOC,Q23666,-0.08695286512374878
document_142036.html,377,385,Comunità,ORG,Q52847,-0.48748618364334106
document_142036.html,428,441,Gran Bretagna,LOC,Q23666,-0.09051930904388428
document_142036.html,458,462,Moro,PER,Q171834,-0.06659001857042313
document_142036.html,496,504,Comunità,ORG,Q7779,-0.6573216319084167
document_142036.html,744,765,Parlamento britannico,ORG,Q11010,-0.09243477135896683
document_142041.html,134,138,Cile,LOC,Q298,-0.09488029778003693
document_142041.html,161,168,governo,ORG,Q7188,-0.19362042844295502
document_142047.html,58,64,Africa,LOC,Q15,-0.09913203120231628
document_142047.html,91,95,Moro,PER,Q171834,-0.10377930849790573
document_142047.html,211,217,Africa,LOC,Q15,-0.09848017990589142
document_142047.html,769,772,OUA,ORG,Q7159,-0.31529125571250916
document_142051.html,160,165,Malta,LOC,Q233,-0.10290675610303879
document_142051.html,279,284,Paese,LOC,Q233,-0.2573988139629364
document_142053.html,13,17,Moro,PER,Q171834,-0.06681898236274719
document_142053.html,47,55,Varsavia,LOC,Q270,-0.08016269654035568
document_142053.html,84,93,Bruxelles,LOC,Q9005,-0.09740607440471649
document_142053.html,202,208,Europa,LOC,Q46,-0.09813791513442993
document_142053.html,388,392,Urss,ORG,Q15180,-0.09145864099264145
document_142061.html,32,41,Togliatti,PER,Q310158,-0.060211699455976486
document_142061.html,125,136,Costituente,ORG,Q1053185,-0.09524915367364883
document_142061.html,258,267,Assemblea,ORG,Q1053185,-0.17456966638565063
document_142061.html,425,434,Togliatti,PER,Q310158,-0.0639207512140274
document_142061.html,646,655,Togliatti,PER,Q310158,-0.061737868934869766
document_142061.html,692,694,DC,ORG,Q815348,-0.08670901507139206
document_142061.html,1156,1175,Repubblica italiana,LOC,Q38,-0.10452855378389359
document_142073.html,8,18,Presidente,PER,Q332711,-0.2301417887210846
document_142073.html,140,146,Senato,ORG,Q633872,-0.16592225432395935
document_142073.html,153,172,Camera dei deputati,ORG,Q841424,-0.0858134776353836
document_142073.html,809,816,Governo,ORG,Q7188,-0.17008429765701294
document_142073.html,913,920,Rognoni,PER,Q125065,-0.3868532180786133
document_142073.html,943,953,De Martino,PER,Q1379919,-0.31189092993736267
document_142073.html,962,969,Orlandi,PER,Q59157933,-0.4342864453792572
document_142073.html,978,985,Biasini,PER,Q855477,-0.6232489347457886
document_142079.html,10,24,Primo ministro,PER,Q14212,-0.21557188034057617
document_142079.html,58,74,governo italiano,ORG,Q3773971,-0.09205158799886703
document_142083.html,4,20,Governo italiano,ORG,Q3773971,-0.09084177017211914
document_142083.html,85,91,Italia,LOC,Q38,-0.11730413138866425
document_142083.html,122,135,Nazioni Unite,ORG,Q1065,-0.08080503344535828
document_142083.html,197,211,Organizzazione,ORG,Q1065,-0.07333756238222122
document_142087.html,8,22,Primo Ministro,PER,Q14212,-0.23792406916618347
document_142087.html,133,137,Roma,LOC,Q220,-0.10603010654449463
document_142087.html,385,391,Canadà,LOC,Q16,-0.09374739974737167
document_142087.html,401,407,Italia,LOC,Q38,-0.12219515442848206
document_142116.html,4,10,Italia,LOC,Q38,-0.13928958773612976
document_142116.html,76,90,Primo Ministro,PER,Q14212,-0.1615598052740097
document_142116.html,125,129,Roma,LOC,Q220,-0.09965399652719498
document_142120.html,84,95,Mezzogiorno,LOC,Q207989,-0.09867116063833237
document_142128.html,255,262,Badioli,PER,Q3773793,-1.6077147722244263
document_142128.html,472,479,Badioli,PER,Q16599086,-2.147559881210327
document_142145.html,219,239,Democrazia Cristiana,ORG,Q815348,-0.07306073606014252
document_142145.html,372,377,Cappi,PER,Q3437992,-1.780144214630127
document_142145.html,386,394,Piccioni,PER,Q1665575,-0.26295894384384155
document_142145.html,403,410,Gonella,PER,Q19287014,-0.5824756026268005
document_142145.html,419,428,Cingolani,PER,Q27895099,-1.7067532539367676
document_142145.html,437,443,Merlin,PER,Q27986848,-0.4156510531902313
document_142145.html,452,458,Tupini,PER,Q2261742,-2.403191328048706
document_142145.html,540,547,Fanfani,PER,Q273228,-0.061774350702762604
document_142145.html,556,560,Moro,PER,Q171834,-0.11077799648046494
document_142145.html,569,574,Rumor,PER,Q316288,-0.08030175417661667
document_142145.html,583,590,Colombo,PER,Q3839504,-0.40787506103515625
document_142145.html,600,609,Andreotti,PER,Q50005,-0.06572119891643524
document_142145.html,619,626,Taviani,PER,Q1379277,-0.06349561363458633
document_142145.html,763,770,De Mita,PER,Q316226,-0.07049182057380676
document_142145.html,780,787,Marcora,PER,Q3767639,-0.44366276264190674
document_142145.html,797,804,Morlino,PER,Q320611,-2.1426844596862793
document_142145.html,814,821,Cossiga,PER,Q1230,-0.08833269774913788
document_142145.html,831,839,Gullotti,PER,Q77557,-2.355334758758545
document_142145.html,849,857,Bisaglia,PER,Q1048,-2.5702357292175293
document_142149.html,4,18,Primo Ministro,PER,Q10729319,-0.14412949979305267
document_142149.html,19,25,Wilson,PER,Q34296,-0.1434219628572464
document_142149.html,88,106,Governo britannico,ORG,Q6063,-0.09131111204624176
document_142160.html,33,42,Aldo Moro,PER,Q171834,-0.08540883660316467
document_142160.html,55,63,Triestee,LOC,Q546,-0.24208000302314758
document_142160.html,82,97,Vittorio Veneto,LOC,Q47578,-0.07828712463378906
document_142160.html,151,171,Democrazia Cristiana,ORG,Q815348,-0.07707909494638443
document_142160.html,354,374,Democrazia Cristiana,ORG,Q815348,-0.07661766558885574
document_142160.html,463,468,Paese,LOC,Q6256,-0.17827938497066498
document_142160.html,913,933,Democrazia Cristiana,ORG,Q815348,-0.07425673305988312
document_142162.html,33,42,Aldo Moro,PER,Q171834,-0.0859840139746666
document_142162.html,55,61,Luccae,LOC,Q16202,-0.43907737731933594
document_142162.html,62,68,Savona,LOC,Q16274,-0.1810445487499237
document_142162.html,134,154,Democrazia Cristiana,ORG,Q815348,-0.07302296906709671
document_142162.html,746,766,Democrazia Cristiana,ORG,Q815348,-0.07242745161056519
document_142170.html,62,82,Democrazia Cristiana,ORG,Q815348,-0.07911185920238495
document_142170.html,168,188,Democrazia Cristiana,ORG,Q815348,-0.0807337537407875
document_142170.html,229,235,Italia,LOC,Q38,-0.1274147778749466
document_142170.html,735,755,Democrazia Cristiana,ORG,Q815348,-0.0736677497625351
document_142186.html,56,67,Stati Uniti,LOC,Q30,-0.08641752600669861
document_142196.html,7,17,Presidente,PER,Q8882,-0.1976250410079956
document_142196.html,200,209,Tremaglia,PER,Q3769427,-2.3535289764404297
document_142196.html,391,401,Presidente,PER,Q8882,-0.19540026783943176
document_142196.html,408,426,Commissione esteri,ORG,Q2986700,-0.26434606313705444
document_142209.html,243,263,Democrazia cristiana,ORG,Q815348,-0.08228927105665207
document_142221.html,10,16,Camere,ORG,Q1117578,-0.30760693550109863
document_142221.html,381,388,Kappler,PER,Q61861,-0.18439042568206787
document_142222.html,24,28,D.C.,ORG,Q815348,-0.12160497158765793
